"id_palabra","Palabra","id_cronista","id_texto","cita","pagina"
6001,"Achacama",6,"T6001","(…) salió el capitán deste pueblo de Achacama, que es donde está la mezquita o templo del diablo, e al medio camino esta otro pueblo grande, donde el dicho capitán comió, que se diçe Armatambio, y el señor dél se llama por su nombre Trianchumbi. El pueblo de Pachacama y el señor principal dél salieron de paz e mostraron buena voluntad a los españoles.",86 - 87
6002,"Acja",6,"T6002","A este pueblo vinieron a ver al capitan Hernando Piçarro muchos señores de la tierra con presentes de lo que avía en la tierra e con algún oro e plata, admirados de aver tenido osadia de aver entrado a ver el ydolo e averle desbaratado. El señor de Mala, que dixo que se llamaba Lincoto, vino a dar la obediencia a Sus Majestades e truxo presentes de oro e plata. El señor de Noax, que dixo que se llamaba Allaucax, hiço lo mesmo. El señor de Hualco, que dixo que se llamaba Guaralla, assimesmo truxo algún oro e plata. El señor de Chincha, con diez principales suyos, truxeron presentes de oro e plata, e dixo que se llamaba Chumbiauca. El señor de Guarva, que se llamí Guaygehapayche, y el señor de Collipa que se llamó Acja y el señor de Sullicasmarca que se llamó Yspillo, e otros señores principales de las comarcas, truxeron sus presentes de oro e lata, que se juntó con lo que se sacó de la mezquita; y en todo ovo noventa mill pesos oro.",89 - 90
6003,"Agua",6,"T6003","Otro día, miércoles, partió de las dichas casería, e vino a dormir a un pueblo que se diçe Agua, subjeto del dicho Piscobamba: es un buen pueblo e de muchos mahizales y está entre sierras: el caçique dél e sus indios dieron lo que fue menester e gente de servicio para los españoles.",101
6004,"Allaucax",6,"T6004","A este pueblo vinieron a ver al capitan Hernando Piçarro muchos señores de la tierra con presentes de lo que avía en la tierra e con algún oro e plata, admirados de aver tenido osadia de aver entrado a ver el ydolo e averle desbaratado. El señor de Mala, que dixo que se llamaba Lincoto, vino a dar la obediencia a Sus Majestades e truxo presentes de oro e plata. El señor de Noax, que dixo que se llamaba Allaucax, hiço lo mesmo. El señor de Hualco, que dixo que se llamaba Guaralla, assimesmo truxo algún oro e plata. El señor de Chincha, con diez principales suyos, truxeron presentes de oro e plata, e dixo que se llamaba Chumbiauca. El señor de Guarva, que se llamí Guaygehapayche, y el señor de Collipa que se llamó Acja y el señor de Sullicasmarca que se llamó Yspillo, e otros señores principales de las comarcas, truxeron sus presentes de oro e lata, que se juntó con lo que se sacó de la mezquita; y en todo ovo noventa mill pesos oro.",89 - 90
6005,"Anchuco",6,"T6005","Otro día, jueves partió deste pueblo e fue a dormir a otro que se diçe Anchuco, que estaría quatro leguas de camino e muy áspero, el qual pueblo está en una hoya entre sierras: e media legua antes que lleguen a él, va el camino muy ancho e cortado por leña, y hecho de escalones de piedra: muchos malos paos hay e fuertes, que aviendo defensa en ellos, serían inexpunables.",101
6005,"Anchuco",6,"T6006","Jueves iguiente partió el dicho capitán de aqueste pueblo, e fue a dormir al pueblo de Andamarca, ques de donde se apartó para yr a Pachacama, e a este pueblo se van a juntar los dos caminos reales que van al Cuzco, ques el uno el que llevó a la yda y el otro este que traía, que se van a juntar otra vez, como está dicho al pueblo de Pombo. Del dicho pueblo de Anchuco a este de Andamarca hay treçe leguas de camino muy áspero (...)",101
6006,"Andamarca",6,"T6007","En aquel pueblo se quiso informar de otros indio si era verdad quel capitán Chillicuchima venía tan lexos como le avían dicho, e tomados algunos principales aparte, e apremiados a que dixesen verdad, dixeron quel capitán Chillicuchima quedaba en el pueblo de Andamarca (...).",78
6006,"Andamarca",6,"T6008","(…) en el pueblo de Andamarca, que era siete leguas de allí (…)",78
6006,"Andamarca",6,"T6009","En este pueblo de Andamarca le alcanço la respuesta del Gobernador la que era, que pues tenía noticia que Chillicuchima y el oro venían tan lexos, que ya sabía quel tenía en su poder al obispo de la mezquita o templo de Pachacama (…)",79
6006,"Andamarca",6,"T6010","(…) partió de aquel pueblo de Andamarca; y el mesmo día se passaron algunos passos malos e dos ríos, e fuymos a dormir a un pueblo que se dice Totopamba, y está en una ladera áspera bien poblado.",79
6006,"Andamarca",6,"T6011","Jueves iguiente partió el dicho capitán de aqueste pueblo, e fue a dormir al pueblo de Andamarca, ques de donde se apartó para yr a Pachacama, e a este pueblo se van a juntar los dos caminos reales que van al Cuzco, ques el uno el que llevó a la yda y el otro este que traía, que se van a juntar otra vez, como está dicho al pueblo de Pombo. Del dicho pueblo de Anchuco a este de Andamarca hay treçe leguas de camino muy áspero (...)",101
6006,"Andamarca",6,"T6012","Desde aqueste dicho pueblo de Andamarca fue el dicho capitán por las mesmas jornadas que de la yda a avía llevado, hasta que llegó a Caxamalca, donde entró, e con él Chillicuchima (…).",102
6007,"Armatambio",6,"T6013","(…) salió el capitán deste pueblo de Achacama, que es donde está la mezquita o templo del diablo, e al medio camino esta otro pueblo grande, donde el dicho capitán comió, que se diçe Armatambio, y el señor dél se llama por su nombre Trianchumbi. El pueblo de Pachacama y el señor principal dél salieron de paz e mostraron buena voluntad a los españoles.",86 - 87
6008,"Atabaliba",6,"T6014","(…) el dicho Chillicuchima dio por respuesta que su señor Atabaliba e avía mandado que se estoviesse quedo, e por esto no avía ydo a juntarse con él.",95
6008,"Atabaliba",6,"T6015","Aquí dixo el capitán Chillicuchima e otros indios que ovo çierto recuentro con la gente de Guáscara hermano mayor e contrario de Atabaliba, que le aguardó allí, e se defendieron dos o tres días, e al fin los entró: e desde que vieron que yban de vençida e que alguna gente era passada, quemaron la puente, y el dicho Chillicuchima con su gente passó a nado e mató muchos dellos.",99-100
6008,"Atabaliba",6,"T6016","al tiempo que este capitán Chillicuchima entró, por las puertas donde estaba presso su principe e señor Atabaliba, un poco antes de llegar a la puerta tomó a uno de los indios que consigo traía una carga mediana e se la echó encima, e con él otros muchos principales que traín consigo, e assí cargados él e los otros entraron donde estaba su señor.",102
6008,"Atabaliba",6,"T6017","(..) y el dicho Atabaliba mostró tanta majestad que con no tener en todos sus reynos a quien tanto quissiesen no le miró a la cara ni hiço más caso dél que hiçiera del más triete indio que tenía. Esta çerimonia de cargarse para entrar e a ver a Atabaliba, es çerimonia real que se haçe a todos los señores que han reynado en aquella tierra.",102
6009,"Atabalipa",6,"T6018","Y el mesmo día que allí llegamos vino allí un hermano de Atabalipa, que venía de dar priessa al oro que traían de la cibdad del Cuzco que es una grand cantidad (…)",77
6009,"Atabalipa",6,"T6019","(…) que venía el capitán Chilicuchima e traía toda la cantidad que su señor Atabalipa avía mandado a los chrispstianos.",78
6009,"Atabalipa",6,"T6020","(…) e no halló al capitan ni nueva dél más de la que primero el hermano de Atabalipa avía dado, que era que estaba en un pueblo que se dice Xauxa, con mucho oro, e que venía de camino.",79
6009,"Atabalipa",6,"T6021","Miércoles siguiente, doçe de dicho mes, por la mañana, llegó al pueblo de Pombo, e salieron a resebirlo los señores del pueblo e otros capitanes de Atabalipa que estaban allí, con çierta gente; e assimesmo hallaron todo allí hasta çiento e cinquenta arrobas de todo oro quel dicho capitán Chillicuchima enviaba y él se quedó con su gente en Xauxa.",91
6009,"Atabalipa",6,"T6022","E assi el dicho capitán con su gente tomó la via de un pueblo grande, que se diçe Pombo, que está en el dicho camino real; e lunes nueve de dicho mes fue a dormir a un pueblo que está seys leguas de camino, todo llano e de muchos pueblos. Hay en el camino una laguna de agua dulçe, que comienza desde junto a este dicho pueblo, que puede tener de çircunferençia ocho o diez leguas, toda çercada de pueblos, e  a la redonda dellos muy grand cantidad de ganado, que a lo que les paresçió a los españoles avía más de çient mill cabeças. Es muy homdable e de mucho pescado pequeño, e de muchas aves de agua, que se crían en ella. En esta laguna tenía el padre de Atabalipa muchas balsas traidas de Túmbez para su recreaçión e plaçer.",93
6010,"Aylloa",6,"T6023","Otro día siguiente, cuatro de março, fue a dormir a un pueblo pequeño que se dice Aylloa ques junto a la sierra, subjeto del pueblo de Caxatambo, de muchos ganados e mahiçales.",91
6011,"caçique",6,"T6024","Otro día, viernes, fue a dormir a un pueblo que se diçe Llachay, al qual estos españoles llamaron el pueblo de las perdiçes, porque avia tantas que no avía casa en todo el pueblo sin ellas. Los indios deste pueblos salieron de paz e sirvieron bien, e no paresçió el caçique.",86
6011,"caçique",6,"T6025","(…) e dixo quél yba pr mandado del señor Gobernador por el oro quel caçique e obispo de aquella mezquita avía mandando al dicho Gobernador e que luego a la hora lo juntassen e se lo diessen, o lo llevassen adonde el Gobernador estaba en Caxamalca.",87
6011,"caçique",6,"T6026","Otro día, primero de abril, salió deste dicho pueblo e fue a dormir a otro, que se diçe Pindosmarca: este pueblo está en una ladera de una sierra áspera: llámase el caçique deste pueblo Parpay.",99
6011,"caçique",6,"T6027","Otro día, sábado partió de Guancabamba, e fue a dormir a otro que se diçe Piscobamba, que serán tres leguas de camino: este pueblo es grande y está en una ladera de una sierra: llámase el caçique dél Tanguane.",100
6012,"caçique prinçipal",6,"T6028","(…) e fue a dormir a otro pequeño que se diçe Tonsucancha, y el caçique prinçipal dél Tillayna, donde fue muy bien resçebido (…) porque aunque el pueblo era pequeño, vinieron allí otros comarcanos a haçer areytos e a ver los chrispstianos. Este es pueblo de mucho ganado pequeño e de muy buena e fina lana, que paresçe a la de España.",98
6013,"camino real",6,"T6029","(…) no contento ni satisfecho el capitán con lo que le avían dicho, determinó, aunque seguía mucho peligro e trabaxo de yr a salir al camino real, por donde el dicho capitan Chillicuchima avía de yr, para saber si avia passado (…)",92 - 93
6013,"camino real",6,"T6030","E assi el dicho capitán con su gente tomó la via de un pueblo grande, que se diçe Pombo, que está en el dicho camino real; e lunes nueve de dicho mes fue a dormir a un pueblo que está seys leguas de camino, todo llano e de muchos pueblos. Hay en el camino una laguna de agua dulçe, que comienza desde junto a este dicho pueblo, que puede tener de çircunferençia ocho o diez leguas, toda çercada de pueblos, e  a la redonda dellos muy grand cantidad de ganado, que a lo que les paresçió a los españoles avía más de çient mill cabeças. Es muy homdable e de mucho pescado pequeño, e de muchas aves de agua, que se crían en ella. En esta laguna tenía el padre de Atabalipa muchas balsas traidas de Túmbez para su recreaçión e plaçer.",93
6013,"camino real",6,"T6031","Viernes veynte días del dicho mes el capitán Hernando Piçarro partió del dicho pueblo Xauxa para dar la vuelta a Caxamalca e con él el dicho Cullicuchima y por las mesmas jornadas vino hasta el pueblo de Pombo, ques donde viene a salir e camino real del Cuzco dó estuvo aquel día e otro e hasta este pueblo hiço quatro jornadas.",97
6014,"caminos reales",6,"T6032","Jueves iguiente partió el dicho capitán de aqueste pueblo, e fue a dormir al pueblo de Andamarca, ques de donde se apartó para yr a Pachacama, e a este pueblo se van a juntar los dos caminos reales que van al Cuzco, ques el uno el que llevó a la yda y el otro este que traía, que se van a juntar otra vez, como está dicho al pueblo de Pombo. Del dicho pueblo de Anchuco a este de Andamarca hay treçe leguas de camino muy áspero (...)",101
6015,"Caxamalca",6,"T6033","Miércoles día de los Reyes seys días de enero de mill e quinientos e treyta e tres años partió el capitán Hernando Pizarro deste pueblo de Caxamalca con veynte de a caballo e ciertos escopeteros, e fuymos a dormir a unas caserías, que estan cinco leguas deste pueblo.",77
6015,"Caxamalca",6,"T6034","(…) e dixo quél yba pr mandado del señor Gobernador por el oro quel caçique e obispo de aquella mezquita avía mandando al dicho Gobernador e que luego a la hora lo juntassen e se lo diessen, o lo llevassen adonde el Gobernador estaba en Caxamalca.",87
6015,"Caxamalca",6,"T6035","Viernes veynte días del dicho mes el capitán Hernando Piçarro partió del dicho pueblo Xauxa para dar la vuelta a Caxamalca e con él el dicho Cullicuchima y por las mesmas jornadas vino hasta el pueblo de Pombo, ques donde viene a salir e camino real del Cuzco dó estuvo aquel día e otro e hasta este pueblo hiço quatro jornadas.",97
6015,"Caxamalca",6,"T6036","Es grand pueblo este de Guanuco, y está en un valle çercado de sierras no muy ásperas: tiene este valle tres leguas de çircunferençia, e por la una parte, viniendo a este pueblo de Caxamalca, hay una grand subida e agra mucho. (…). Llámase al señor principal de aquel pueblo Pumahanchis: es pueblo de muchos ganados, e tiene otros muchos pueblos a él subjetos.",99
6015,"Caxamalca",6,"T6037","Desde aqueste dicho pueblo de Andamarca fue el dicho capitán por las mesmas jornadas que de la yda a avía llevado, hasta que llegó a Caxamalca, donde entró, e con él Chillicuchima (…).",102
6016,"Caxatambo",6,"T6038","Otro día siguiente, cuatro de março, fue a dormir a un pueblo pequeño que se dice Aylloa ques junto a la sierra, subjeto del pueblo de Caxatambo, de muchos ganados e mahiçales.",91
6016,"Caxatambo",6,"T6039","Otro día, cinco de dicho mes, fue a dormir a otro pueblo subjeto del dicho Caxatambo que se dice Chinchi; y en el camino está un puerto de nieve muy agro, e avía tanta que deba a las çinchas de los caballos. El qual pueblo está encumbradas todas las sierras, y es entre unas sierras, que se diçe Oyu; y el señor dél salió de paz e dio todo lo que fue menester aquella noche.",91
6016,"Caxatambo",6,"T6040","(…) partió el capitán deste pueblo e fue a dormir a Caxatambo; este es pueblo grande y está en un valle hondo y es de muchos ganados; e hay por todo el camino desde Chinchi hasta él (que serán quatro leguas), mucha cantidad de corrales e ovejeros. Llámase el señor deste pueblo Sachao: (...). En este pueblo se tornó a tomar el camino ancho qe se avía dexado, cuando el dicho capitán se apartó para los llanos.",92
6017,"Chacamarca",6,"T6041","(…) el dicho capitán con su gente de caballo y escopeteros artió de dicho pueblo de Pambo para yr a Xauxa; y este día fue a dormir a un pueblo que se diçe Chacamarca, que serán pueblos de muchos ganados: e allí estuvo el capitán dos días (…)",92
6017,"Chacamarca",6,"T6042","(…) partió el dicho capitán del dicho pueblo de Chacamarca e fue a comer a una casa que estarpa tres leguas de allí, donde tenían buen recebimiento de comida; e fue a dormir otras tres leguas adelante, a un pueblo que se diçe Tarma, que está en una ladera de una sierra. Allí hay una buena casa pintaba e buenos apossentamiento, donde llevaron a apossentar al dicho capitán e su gente; y el señor deste pueblo lo hiço bien (...).",93 - 94
6018,"Chillicuchima",6,"T6043","(…) que venía el capitán Chillicuchima e traía toda la cantidad que su señor Atabalipa avía mandado a los chrispstianos.",78
6018,"Chillicuchima",6,"T6044","En aquel pueblo se quiso informar de otros indio si era verdad quel capitán Chillicuchima venía tan lexos como le avían dicho, e tomados algunos principales aparte, e apremiados a que dixesen verdad, dixeron quel capitán Chillicuchima quedaba en el pueblo de Andamarca (...).",78
6018,"Chillicuchima",6,"T6045","En este pueblo de Andamarca le alcanço la respuesta del Gobernador la que era, que pues tenía noticia que Chillicuchima y el oro venían tan lexos, que ya sabía quel tenía en su poder al obispo de la mezquita o templo de Pachacama (…)",79
6018,"Chillicuchima",6,"T6046","De allí salió tarde, e fue a dormir Hernando Piçarro a otro pueblo mayor, que se dice Sucuracoay, donde hiçieron buen reçibimiento (…) Llamábase el señor principal de aqueste pueblo Marcoama e otro Collas. (…). En este pueblo se hiço buena guarda, por ser grande y estar çerca de donde deçían que estaba el capitán Chillicuchima con çinquenta mill hombres.",83
6018,"Chillicuchima",6,"T6047","Tuvo noticia Hernando Piçarro en el pueblo de Pachacama, quel capitán Chillicuchima estaba quatro días de camino de allí con mucha gente e con el oro, e que no quería passar de allí; antes se deçía que venía a dar guerra a los españoles.",90
6018,"Chillicuchima",6,"T6048","(…) el qual mensajero fue e torno con la respuesta de Chillicuchima, en que era contento de haçer lo quel dicho capitán les enviaba a decir e que en ello no avria otra cosa. Oydo esto, el capitán se despachí del pueblo de Pachacama, e fue con las mesmas jornadas hasta el pueblo de Gaurva, que está a entrar la tierra adentro.",90
6018,"Chillicuchima",6,"T6049","Miércoles siguiente, doçe de dicho mes, por la mañana, llegó al pueblo de Pombo, e salieron a resebirlo los señores del pueblo e otros capitanes de Atabalipa que estaban allí, con çierta gente; e assimesmo hallaron todo allí hasta çiento e cinquenta arrobas de todo oro quel dicho capitán Chillicuchima enviaba y él se quedó con su gente en Xauxa.",91
6018,"Chillicuchima",6,"T6050","(…) preguntó a los dichos capitanes que quál era la causa por qué el dicho Chillicuchima enviaba aquel oro, e no venía él como avia quedado: los quales respondieron, que porque él tenía mucho miedo de los chrispstianos no avia venido, o también porque estaba esperando mucho oro que venía del Cuzco, e no se osaba a ir con tan poco.",91
6018,"Chillicuchima",6,"T6051","Desde este pueblo, el dicho capitán Hernando Piçarro hiço un mensajero al dicho Chillicuchima, (…), quél yba alla, que no tuviesse miedo ninguno. Y en este pueblo descansó un día porque los caballos fuessen algo aliviados, para si fuesse menester pelear con el dicho Chillicuchima.",91 - 92
6018,"Chillicuchima",6,"T6052","Desde este pueblo e camino real por donde el dicho Chillicuchima avía de yr, hay tres días de traviessa; e allí se quiso informar si el dicho Chillicuchima avía passado a juntarse con él, como avia quedado.",92
6018,"Chillicuchima",6,"T6053","(…) no contento ni satisfecho el capitán con lo que le avían dicho, determinó, aunque seguía mucho peligro e trabaxo de yr a salir al camino real, por donde el dicho capitan Chillicuchima avía de yr, para saber si avia passado (…)",92 - 93
6018,"Chillicuchima",6,"T6054","començó a caminar reçelándose e pensando que dicho Chillicuchima estaba de mal propósito por no le aver hecho mensajero.",94
6018,"Chillicuchima",6,"T6055","E a hora de visperas llegó a un pueblo, que se dice Yanaymarca, donde los del pueblo salieron a le resçebir e haçer fiesta: e allí supo como el dicho Chillicuchima estaba fuera de Xauxa, lo qual causó mayor sospecha, e no hiço sino comer un bocado e caminar, porque a una legua estaba Xauxa de allí.",94
6018,"Chillicuchima",6,"T6056","(…) el qual assí como llegó, preguntó por Chillicuchima, sin se apear ningún español, e dixeron que era ydo a çiertos pueblos, e que otro día vernía a ver al capitán. E fue que so color de decir que era ydo a negocios, se ausentó hasta saber de los principales, que con el dicho capitán yban, la intención que los españoles llevaban (...)",94
6018,"Chillicuchima",6,"T6057","El dicho capitán llevaba consigo un gran señor, hijo de Guaynacava; e como viso quel dicho Chillicuchima se avía ausentado, dixo quél quería yr a hablarle e quél le traería otro día; y el capitán Hernando Piçarro le habló bien e dixo quél le aseguraba. E assí fue en unas andas donde el dicho Chillicuchima estaba. (...); e se mandó a los señores del pueblo que ningún indio paresçiese en la plaça, porque los caballos estaban enojados e los matarían.",95
6018,"Chillicuchima",6,"T6058","Otro día, lunes siguientes, a hora de missa vino el dicho capitán Chillicuchima, con aquel señor que avía ydo a buscarle, ambos en andas, bien acompañados de gente.",95
6018,"Chillicuchima",6,"T6059","(…) el dicho Chillicuchima dio por respuesta que su señor Atabaliba e avía mandado que se estoviesse quedo, e por esto no avía ydo a juntarse con él.",95
6018,"Chillicuchima",6,"T6060","Otro día, por la mañana, dicho capitán Chillicuchima fue a la possada de Hernando Piçarro, que no podía haçer menor de lo que mandaba, quél se quería yr (..)",96
6018,"Chillicuchima",6,"T6061","(…) assí por respecto del capitán Hernando Piçarro, como por venir allí el dicho Chillicuchima, a quien continuamente le solían hacer. El señor deste pueblo se llama Pumabare.",98
6018,"Chillicuchima",6,"T6062","E aqueste mesmo día, fue a dormir quatro leguas del dicho pueblo a otro subjeto suyo, que se diçe Taparacomarca, donde el dicho Chillicuchima tenía preveydo lo que fue menester ara aquella noche.",99
6018,"Chillicuchima",6,"T6063","Aquí dixo el capitán Chillicuchima e otros indios que ovo çierto recuentro con la gente de Guáscara hermano mayor e contrario de Atabaliba, que le aguardó allí, e se defendieron dos o tres días, e al fin los entró: e desde que vieron que yban de vençida e que alguna gente era passada, quemaron la puente, y el dicho Chillicuchima con su gente passó a nado e mató muchos dellos.",99-100
6018,"Chillicuchima",6,"T6064","Desde aqueste dicho pueblo de Andamarca fue el dicho capitán por las mesmas jornadas que de la yda a avía llevado, hasta que llegó a Caxamalca, donde entró, e con él Chillicuchima (…).",102
6018,"Chillicuchima",6,"T6065","al tiempo que este capitán Chillicuchima entró, por las puertas donde estaba presso su principe e señor Atabaliba, un poco antes de llegar a la puerta tomó a uno de los indios que consigo traía una carga mediana e se la echó encima, e con él otros muchos principales que traín consigo, e assí cargados él e los otros entraron donde estaba su señor.",102
6019,"Chincha",6,"T6066","A este pueblo vinieron a ver al capitan Hernando Piçarro muchos señores de la tierra con presentes de lo que avía en la tierra e con algún oro e plata, admirados de aver tenido osadia de aver entrado a ver el ydolo e averle desbaratado. El señor de Mala, que dixo que se llamaba Lincoto, vino a dar la obediencia a Sus Majestades e truxo presentes de oro e plata. El señor de Noax, que dixo que se llamaba Allaucax, hiço lo mesmo. El señor de Hualco, que dixo que se llamaba Guaralla, assimesmo truxo algún oro e plata. El señor de Chincha, con diez principales suyos, truxeron presentes de oro e plata, e dixo que se llamaba Chumbiauca. El señor de Guarva, que se llamí Guaygehapayche, y el señor de Collipa que se llamó Acja y el señor de Sullicasmarca que se llamó Yspillo, e otros señores principales de las comarcas, truxeron sus presentes de oro e lata, que se juntó con lo que se sacó de la mezquita; y en todo ovo noventa mill pesos oro.",89 - 90
6020,"Chinchi",6,"T6067","Otro día, cinco de dicho mes, fue a dormir a otro pueblo subjeto del dicho Caxatambo que se dice Chinchi; y en el camino está un puerto de nieve muy agro, e avía tanta que deba a las çinchas de los caballos. El qual pueblo está encumbradas todas las sierras, y es entre unas sierras, que se diçe Oyu; y el señor dél salió de paz e dio todo lo que fue menester aquella noche.",91
6020,"Chinchi",6,"T6068","(…) partió el capitán deste pueblo e fue a dormir a Caxatambo; este es pueblo grande y está en un valle hondo y es de muchos ganados; e hay por todo el camino desde Chinchi hasta él (que serán quatro leguas), mucha cantidad de corrales e ovejeros. Llámase el señor deste pueblo Sachao: (...). En este pueblo se tornó a tomar el camino ancho qe se avía dexado, cuando el dicho capitán se apartó para los llanos.",92
6021,"Chumbiauca",6,"T6069","A este pueblo vinieron a ver al capitan Hernando Piçarro muchos señores de la tierra con presentes de lo que avía en la tierra e con algún oro e plata, admirados de aver tenido osadia de aver entrado a ver el ydolo e averle desbaratado. El señor de Mala, que dixo que se llamaba Lincoto, vino a dar la obediencia a Sus Majestades e truxo presentes de oro e plata. El señor de Noax, que dixo que se llamaba Allaucax, hiço lo mesmo. El señor de Hualco, que dixo que se llamaba Guaralla, assimesmo truxo algún oro e plata. El señor de Chincha, con diez principales suyos, truxeron presentes de oro e plata, e dixo que se llamaba Chumbiauca. El señor de Guarva, que se llamí Guaygehapayche, y el señor de Collipa que se llamó Acja y el señor de Sullicasmarca que se llamó Yspillo, e otros señores principales de las comarcas, truxeron sus presentes de oro e lata, que se juntó con lo que se sacó de la mezquita; y en todo ovo noventa mill pesos oro.",89 - 90
6022,"Collas",6,"T6070","De allí salió tarde, e fue a dormir Hernando Piçarro a otro pueblo mayor, que se dice Sucuracoay, donde hiçieron buen reçibimiento (…) Llamábase el señor principal de aqueste pueblo Marcoama e otro Collas. (…). En este pueblo se hiço buena guarda, por ser grande y estar çerca de donde deçían que estaba el capitán Chillicuchima con çinquenta mill hombres.",83
6023,"Collipa",6,"T6071","A este pueblo vinieron a ver al capitan Hernando Piçarro muchos señores de la tierra con presentes de lo que avía en la tierra e con algún oro e plata, admirados de aver tenido osadia de aver entrado a ver el ydolo e averle desbaratado. El señor de Mala, que dixo que se llamaba Lincoto, vino a dar la obediencia a Sus Majestades e truxo presentes de oro e plata. El señor de Noax, que dixo que se llamaba Allaucax, hiço lo mesmo. El señor de Hualco, que dixo que se llamaba Guaralla, assimesmo truxo algún oro e plata. El señor de Chincha, con diez principales suyos, truxeron presentes de oro e plata, e dixo que se llamaba Chumbiauca. El señor de Guarva, que se llamí Guaygehapayche, y el señor de Collipa que se llamó Acja y el señor de Sullicasmarca que se llamó Yspillo, e otros señores principales de las comarcas, truxeron sus presentes de oro e lata, que se juntó con lo que se sacó de la mezquita; y en todo ovo noventa mill pesos oro.",89 - 90
6024,"Corcora",6,"T6072","Jueves siguiente partió deste pueblo, e fue a dormir a otro pequeño que se diçe Marcara, y el señor dél Corcora. Este es de señores de ganados que tienen en él sus pastores, y en çierto tiempo del año los llevan allí, como a pastar (…). Desde este pueblo se vierten las aguas a la mar.",83 - 84
6025,"Corongo",6,"T6073","Otro día, quince días de enero, fuymos a dormir a otro pequeño pueblo que se dice Corongo, e al medio camino está un grand puerto de nieve e agro: e hay por todo el camino en muchas partes mucha cantidad de ganado, con sus pastores que lo guardan, e tienen sus casas en las sierras al modo de España. (...): e aqueste pueblo es subjecto al de Guamanchurco.",80
6026,"Cullicuchima",6,"T6074","Viernes veynte días del dicho mes el capitán Hernando Piçarro partió del dicho pueblo Xauxa para dar la vuelta a Caxamalca e con él el dicho Cullicuchima y por las mesmas jornadas vino hasta el pueblo de Pombo, ques donde viene a salir e camino real del Cuzco dó estuvo aquel día e otro e hasta este pueblo hiço quatro jornadas.",97
6027,"Cuzco",6,"T6075","Y el mesmo día que allí llegamos vino allí un hermano de Atabalipa, que venía de dar priessa al oro que traían de la cibdad del Cuzco que es una grand cantidad (…)",77
6027,"Cuzco",6,"T6076","(…) e que si le parescía que era bien yr allá por elo, que fuesse, porque entretanto llegaría lo que venía del Cuzco.",79
6027,"Cuzco",6,"T6077","Otro día, miércoles, partió deste pueblo e por un valle de labranças e muchos ganados fue a dormir a dos leguas de allí, a un pueblo pequeño, que se dice Pachacoto: aquí se dexó el camino real que va a la cibdad del Cuzco, e se tomó el de los llanos.",83
6027,"Cuzco",6,"T6078","(…) preguntó a los dichos capitanes que quál era la causa por qué el dicho Chillicuchima enviaba aquel oro, e no venía él como avia quedado: los quales respondieron, que porque él tenía mucho miedo de los chrispstianos no avia venido, o también porque estaba esperando mucho oro que venía del Cuzco, e no se osaba a ir con tan poco.",91
6027,"Cuzco",6,"T6079","(…) porque fuera alborotar la tierra e pudiera venir daño a tres españoles quél Gobernador avía enviado a la cibdad del Cuzco, e no convenía dar en él ni en su gente.",96
6027,"Cuzco",6,"T6080","Viernes veynte días del dicho mes el capitán Hernando Piçarro partió del dicho pueblo Xauxa para dar la vuelta a Caxamalca e con él el dicho Cullicuchima y por las mesmas jornadas vino hasta el pueblo de Pombo, ques donde viene a salir e camino real del Cuzco dó estuvo aquel día e otro e hasta este pueblo hiço quatro jornadas.",97
6027,"Cuzco",6,"T6081","Jueves iguiente partió el dicho capitán de aqueste pueblo, e fue a dormir al pueblo de Andamarca, ques de donde se apartó para yr a Pachacama, e a este pueblo se van a juntar los dos caminos reales que van al Cuzco, ques el uno el que llevó a la yda y el otro este que traía, que se van a juntar otra vez, como está dicho al pueblo de Pombo. Del dicho pueblo de Anchuco a este de Andamarca hay treçe leguas de camino muy áspero (...)",101
6028,"Gaurva",6,"T6082","(…) el qual mensajero fue e torno con la respuesta de Chillicuchima, en que era contento de haçer lo quel dicho capitán les enviaba a decir e que en ello no avria otra cosa. Oydo esto, el capitán se despachí del pueblo de Pachacama, e fue con las mesmas jornadas hasta el pueblo de Gaurva, que está a entrar la tierra adentro.",90
6029,"Guadiana",6,"T6083","Sale della un río caudal, que va a salir del dicho pueblo de Pombo, e passa por la una parte del muy sesgo e homdable e pueden venir en las dichas balsas a desembarcar junto a una puerta dél, por donde todos los que passan pagan portazgo. Por toda la costa del río hay assimesmo muchos ganados; e púsosole nombre Guadiana, por que la paresçe mucho.",93
6030,"Guamamayo",6,"T6084","Miércoles adelante se partió el capitán de Perpunga; e luego a la salida del pueblo está un río homdable que se passó en balsas, e los caballos a nado, e fue a dormir a un pueblo grande que está en una barranca sobre la mar, que se diçe Guamamayo, que será legua e media del camino, todo tapiado de las mesmas paredes. Junto a este pueblo passó otro río grande a vado con harta dificultad, porque yba muy creçido e resçio.",85
6030,"Guamamayo",6,"T6085","Deste pueblo de Guamamayo partió el dicho capitán el jueves veynte e nueve días de enero, e fue a comer a un pueblo bueno e subjeto a Guamamayo que serían tres leguas de camino, e lo más dello por población e labrança e arboledas de fructales; y es camino limpio e tapiado.",85
6031,"Guamanchoro",6,"T6086","Otro día viernes de mañana llegamos al pueblo de Guamanchurco el qual es grand poblacion y está en un valle entre sierras. Es de buena vista e buenos aposentos e muy junto (…). Llámase el señor dél Guamanchoro.",77
6032,"Guamanchurco",6,"T6087","Otro día siguiente fuymos a comer a un pueblo que se dice Ychora (…) y el mesmo dia fuymos a dormir a un puebleçuelo pequeño, que se dice Guancasanga, subjecto del pueblo de Guamanchurco.",77
6032,"Guamanchurco",6,"T6088","(…): e ordenada su gente, tomó el camino derecho e fue a dormir a un pueblo pequeño se dice Tambo ques subjecto a Guamanchurco (…)",78
6032,"Guamanchurco",6,"T6089","Otro día, quince días de enero, fuymos a dormir a otro pequeño pueblo que se dice Corongo, e al medio camino está un grand puerto de nieve e agro: e hay por todo el camino en muchas partes mucha cantidad de ganado, con sus pastores que lo guardan, e tienen sus casas en las sierras al modo de España. (...): e aqueste pueblo es subjecto al de Guamanchurco.",80
6033,"Guamanchurco ",6,"T6090","Otro día viernes de mañana llegamos al pueblo de Guamanchurco el qual es grand poblacion y está en un valle entre sierras. Es de buena vista e buenos aposentos e muy junto (…). Llámase el señor dél Guamanchoro.",77
6034,"Guanaco",6,"T6091","(…) e fue a dormir a otro que se diçe Guanaco, que serán çinco leguas de camino, lo más de los enlozado y empedrado por mucha orden, y hechas sus açequias por dó corre el agua.",98
6035,"Guancabamba",6,"T6092","Viernes tres días del dicho mes, partió el capitán del pueblo ques dicho, e fue a dormir a otro que se diçe Guancabamba, hasta el qual serán çinco leguas de camino ápero e de sierras.",100
6035,"Guancabamba",6,"T6093","Otro día, sábado partió de Guancabamba, e fue a dormir a otro que se diçe Piscobamba, que serán tres leguas de camino: este pueblo es grande y está en una ladera de una sierra: llámase el caçique dél Tanguane.",100
6035,"Guancabamba",6,"T6094","A la mitad del camino de Guancabamba hasta este río hay otro río hondable, y en él otras dos puentes juntas hechas de red e de la mesma manera de las que se dixo de susso en en el capítulo precedente (…).",100
6036,"Guancasanga",6,"T6095","Otro día siguiente fuymos a comer a un pueblo que se dice Ychora (…) y el mesmo dia fuymos a dormir a un puebleçuelo pequeño, que se dice Guancasanga, subjecto del pueblo de Guamanchurco.",77
6037,"Guanuco",6,"T6096","Es grand pueblo este de Guanuco, y está en un valle çercado de sierras no muy ásperas: tiene este valle tres leguas de çircunferençia, e por la una parte, viniendo a este pueblo de Caxamalca, hay una grand subida e agra mucho. (…). Llámase al señor principal de aquel pueblo Pumahanchis: es pueblo de muchos ganados, e tiene otros muchos pueblos a él subjetos.",99
6038,"Guaracanga",6,"T6097","Otro día, viernes, artió del dicho pueblo, e por un río abazo de fructales e labranças, fue a dormir a un pueblo pequeño que se dice Guaracanga.",84
6039,"Guaralla",6,"T6098","A este pueblo vinieron a ver al capitan Hernando Piçarro muchos señores de la tierra con presentes de lo que avía en la tierra e con algún oro e plata, admirados de aver tenido osadia de aver entrado a ver el ydolo e averle desbaratado. El señor de Mala, que dixo que se llamaba Lincoto, vino a dar la obediencia a Sus Majestades e truxo presentes de oro e plata. El señor de Noax, que dixo que se llamaba Allaucax, hiço lo mesmo. El señor de Hualco, que dixo que se llamaba Guaralla, assimesmo truxo algún oro e plata. El señor de Chincha, con diez principales suyos, truxeron presentes de oro e plata, e dixo que se llamaba Chumbiauca. El señor de Guarva, que se llamí Guaygehapayche, y el señor de Collipa que se llamó Acja y el señor de Sullicasmarca que se llamó Yspillo, e otros señores principales de las comarcas, truxeron sus presentes de oro e lata, que se juntó con lo que se sacó de la mezquita; y en todo ovo noventa mill pesos oro.",89 - 90
6040,"Guaray",6,"T6099","(…) partió el dicho capitán deste pueblo, e or el mesmo valle fue a comer a un pueblo grande, que se dice Guaray; y el señor dél se llama Pumacaxinay (…). Este pueblo está en un llano, a par de un buen río (…)",82- 83
6041,"Guarua",6,"T16100","Y este día fue a dormir a un pueblo grande que está çerca de la mar y se diçe Guarua: este pueblo está en buen sitio e tiene grandes edificios de apossentos e paredes, e de lo señores del pueblo e de sus indios fueron bien servidos e dieron todo lo que fue menester para aquel día.",85 - 86
6042,"Guarva",6,"T16101","A este pueblo vinieron a ver al capitan Hernando Piçarro muchos señores de la tierra con presentes de lo que avía en la tierra e con algún oro e plata, admirados de aver tenido osadia de aver entrado a ver el ydolo e averle desbaratado. El señor de Mala, que dixo que se llamaba Lincoto, vino a dar la obediencia a Sus Majestades e truxo presentes de oro e plata. El señor de Noax, que dixo que se llamaba Allaucax, hiço lo mesmo. El señor de Hualco, que dixo que se llamaba Guaralla, assimesmo truxo algún oro e plata. El señor de Chincha, con diez principales suyos, truxeron presentes de oro e plata, e dixo que se llamaba Chumbiauca. El señor de Guarva, que se llamí Guaygehapayche, y el señor de Collipa que se llamó Acja y el señor de Sullicasmarca que se llamó Yspillo, e otros señores principales de las comarcas, truxeron sus presentes de oro e lata, que se juntó con lo que se sacó de la mezquita; y en todo ovo noventa mill pesos oro.",89 - 90
6043,"Guarva ",6,"T16102","A los tres días de março de mill e quiniento e treynta y tres salió del pueblo de Guarva e por un río arriba de arboledas caminó aquel día, e fue a dormir a un pueblo que está junto al dicho río, subjeto de Guarva, que se diçe Vilcaguaranga.",90 - 91
6044,"Guary",6,"T16103","(…) e fue a dormir a un pueblo bueno que se diçe Guary, hasta el qual serían tres leguas de camino, y en la mitad dél hay otra puente de otro río muy hondable y ahoçinado y está muy fuerte por tener muy grandes barrancas de ambas partes.",99
6045,"Guáscara",6,"T16104","Aquí dixo el capitán Chillicuchima e otros indios que ovo çierto recuentro con la gente de Guáscara hermano mayor e contrario de Atabaliba, que le aguardó allí, e se defendieron dos o tres días, e al fin los entró: e desde que vieron que yban de vençida e que alguna gente era passada, quemaron la puente, y el dicho Chillicuchima con su gente passó a nado e mató muchos dellos.",99-100
6046,"Guaygehapayche",6,"T16105","A este pueblo vinieron a ver al capitan Hernando Piçarro muchos señores de la tierra con presentes de lo que avía en la tierra e con algún oro e plata, admirados de aver tenido osadia de aver entrado a ver el ydolo e averle desbaratado. El señor de Mala, que dixo que se llamaba Lincoto, vino a dar la obediencia a Sus Majestades e truxo presentes de oro e plata. El señor de Noax, que dixo que se llamaba Allaucax, hiço lo mesmo. El señor de Hualco, que dixo que se llamaba Guaralla, assimesmo truxo algún oro e plata. El señor de Chincha, con diez principales suyos, truxeron presentes de oro e plata, e dixo que se llamaba Chumbiauca. El señor de Guarva, que se llamí Guaygehapayche, y el señor de Collipa que se llamó Acja y el señor de Sullicasmarca que se llamó Yspillo, e otros señores principales de las comarcas, truxeron sus presentes de oro e lata, que se juntó con lo que se sacó de la mezquita; y en todo ovo noventa mill pesos oro.",89 - 90
6047,"Guayllesmarca",6,"T16106","(…) llegamos a un pueblo grande que está en un valle entre sierras de muchos mahiçales: y en medio del camino hay un río grande muy furioso, e tiene dos puentes juntas, hechas de red, desta manera: que sacan un gran çimiento de piedra desde el agua e lo suben bien arriba, e de una parte a otra del río hay unas maromas hechas de bexucos a manera de mimbres, e tan gruesas como el muslo de la pierna de un hombre; e tiénenlas atadas a muy resçias piedras (...). En  aqueste pueblo, que se llama Guayllesmarca, descansamos dos días (...)",81
6047,"Guayllesmarca",6,"T16107","En aqueste pueblo, que se llama Guayllesmarca, descansamos dos días (…): llámase el señor deste pueblo, Pumapacha.",81
6047,"Guayllesmarca",6,"T16108","(…) partió el dicho capitán deste pueblo de Guayllesmarca (…). Y luego junto a este pueblo, se pasó otra puente de red de la mesma manera que se dixo de ssuso, e fuymos a dormir dos leguas de allí, a otro pueblo asimesmo subjeto a Guayllesmarca (…) Esta jornada fue por un valle abaxo de mahiçales e pueblos pequeños de una parte a otra del camino: llámase este pueblo Ymigay.",82
6047,"Guayllesmarca",6,"T16109","(…) e llegó a (...), un pueblo subjeto de Guayllesmarca (…). Y este día fue a dormir a un pueblo subjeto de Gayllesmarca, en el mesmo valle, e allí truxeron muchas ovejas e chicha e todo lo que fue menester. Toda aquella tierra es muy abundosa de ganados e mahiçales, porque todo el camino se veían andar los hatos del ganado como en España.",82
6048,"Guaynacava",6,"T16110","El dicho capitán llevaba consigo un gran señor, hijo de Guaynacava; e como viso quel dicho Chillicuchima se avía ausentado, dixo quél quería yr a hablarle e quél le traería otro día; y el capitán Hernando Piçarro le habló bien e dixo quél le aseguraba. E assí fue en unas andas donde el dicho Chillicuchima estaba. (...); e se mandó a los señores del pueblo que ningún indio paresçiese en la plaça, porque los caballos estaban enojados e los matarían.",95
6049,"Hualco",6,"T16111","A este pueblo vinieron a ver al capitan Hernando Piçarro muchos señores de la tierra con presentes de lo que avía en la tierra e con algún oro e plata, admirados de aver tenido osadia de aver entrado a ver el ydolo e averle desbaratado. El señor de Mala, que dixo que se llamaba Lincoto, vino a dar la obediencia a Sus Majestades e truxo presentes de oro e plata. El señor de Noax, que dixo que se llamaba Allaucax, hiço lo mesmo. El señor de Hualco, que dixo que se llamaba Guaralla, assimesmo truxo algún oro e plata. El señor de Chincha, con diez principales suyos, truxeron presentes de oro e plata, e dixo que se llamaba Chumbiauca. El señor de Guarva, que se llamí Guaygehapayche, y el señor de Collipa que se llamó Acja y el señor de Sullicasmarca que se llamó Yspillo, e otros señores principales de las comarcas, truxeron sus presentes de oro e lata, que se juntó con lo que se sacó de la mezquita; y en todo ovo noventa mill pesos oro.",89 - 90
6050,"Lincoto",6,"T16112","A este pueblo vinieron a ver al capitan Hernando Piçarro muchos señores de la tierra con presentes de lo que avía en la tierra e con algún oro e plata, admirados de aver tenido osadia de aver entrado a ver el ydolo e averle desbaratado. El señor de Mala, que dixo que se llamaba Lincoto, vino a dar la obediencia a Sus Majestades e truxo presentes de oro e plata. El señor de Noax, que dixo que se llamaba Allaucax, hiço lo mesmo. El señor de Hualco, que dixo que se llamaba Guaralla, assimesmo truxo algún oro e plata. El señor de Chincha, con diez principales suyos, truxeron presentes de oro e plata, e dixo que se llamaba Chumbiauca. El señor de Guarva, que se llamí Guaygehapayche, y el señor de Collipa que se llamó Acja y el señor de Sullicasmarca que se llamó Yspillo, e otros señores principales de las comarcas, truxeron sus presentes de oro e lata, que se juntó con lo que se sacó de la mezquita; y en todo ovo noventa mill pesos oro.",89 - 90
6051,"Llachay",6,"T16113","Otro día, viernes, fue a dormir a un pueblo que se diçe Llachay, al qual estos españoles llamaron el pueblo de las perdiçes, porque avia tantas que no avía casa en todo el pueblo sin ellas. Los indios deste pueblos salieron de paz e sirvieron bien, e no paresçió el caçique.",86
6052,"Mala",6,"T16114","A este pueblo vinieron a ver al capitan Hernando Piçarro muchos señores de la tierra con presentes de lo que avía en la tierra e con algún oro e plata, admirados de aver tenido osadia de aver entrado a ver el ydolo e averle desbaratado. El señor de Mala, que dixo que se llamaba Lincoto, vino a dar la obediencia a Sus Majestades e truxo presentes de oro e plata. El señor de Noax, que dixo que se llamaba Allaucax, hiço lo mesmo. El señor de Hualco, que dixo que se llamaba Guaralla, assimesmo truxo algún oro e plata. El señor de Chincha, con diez principales suyos, truxeron presentes de oro e plata, e dixo que se llamaba Chumbiauca. El señor de Guarva, que se llamí Guaygehapayche, y el señor de Collipa que se llamó Acja y el señor de Sullicasmarca que se llamó Yspillo, e otros señores principales de las comarcas, truxeron sus presentes de oro e lata, que se juntó con lo que se sacó de la mezquita; y en todo ovo noventa mill pesos oro.",89 - 90
6053,"Marcara",6,"T16115","Jueves siguiente partió deste pueblo, e fue a dormir a otro pequeño que se diçe Marcara, y el señor dél Corcora. Este es de señores de ganados que tienen en él sus pastores, y en çierto tiempo del año los llevan allí, como a pastar (…). Desde este pueblo se vierten las aguas a la mar.",83 - 84
6054,"Marcoama",6,"T16116","De allí salió tarde, e fue a dormir Hernando Piçarro a otro pueblo mayor, que se dice Sucuracoay, donde hiçieron buen reçibimiento (…) Llamábase el señor principal de aqueste pueblo Marcoama e otro Collas. (…). En este pueblo se hiço buena guarda, por ser grande y estar çerca de donde deçían que estaba el capitán Chillicuchima con çinquenta mill hombres.",83
6055,"Noax",6,"T16117","A este pueblo vinieron a ver al capitan Hernando Piçarro muchos señores de la tierra con presentes de lo que avía en la tierra e con algún oro e plata, admirados de aver tenido osadia de aver entrado a ver el ydolo e averle desbaratado. El señor de Mala, que dixo que se llamaba Lincoto, vino a dar la obediencia a Sus Majestades e truxo presentes de oro e plata. El señor de Noax, que dixo que se llamaba Allaucax, hiço lo mesmo. El señor de Hualco, que dixo que se llamaba Guaralla, assimesmo truxo algún oro e plata. El señor de Chincha, con diez principales suyos, truxeron presentes de oro e plata, e dixo que se llamaba Chumbiauca. El señor de Guarva, que se llamí Guaygehapayche, y el señor de Collipa que se llamó Acja y el señor de Sullicasmarca que se llamó Yspillo, e otros señores principales de las comarcas, truxeron sus presentes de oro e lata, que se juntó con lo que se sacó de la mezquita; y en todo ovo noventa mill pesos oro.",89 - 90
6056,"Oyu",6,"T16118","Otro día, cinco de dicho mes, fue a dormir a otro pueblo subjeto del dicho Caxatambo que se dice Chinchi; y en el camino está un puerto de nieve muy agro, e avía tanta que deba a las çinchas de los caballos. El qual pueblo está encumbradas todas las sierras, y es entre unas sierras, que se diçe Oyu; y el señor dél salió de paz e dio todo lo que fue menester aquella noche.",91
6057,"Pachacama",6,"T16119","En este pueblo de Andamarca le alcanço la respuesta del Gobernador la que era, que pues tenía noticia que Chillicuchima y el oro venían tan lexos, que ya sabía quel tenía en su poder al obispo de la mezquita o templo de Pachacama (…)",79
6057,"Pachacama",6,"T16120","(…) salió el capitán deste pueblo de Achacama, que es donde está la mezquita o templo del diablo, e al medio camino esta otro pueblo grande, donde el dicho capitán comió, que se diçe Armatambio, y el señor dél se llama por su nombre Trianchumbi. El pueblo de Pachacama y el señor principal dél salieron de paz e mostraron buena voluntad a los españoles.",86 - 87
6057,"Pachacama",6,"T16121","Este pueblo de Pachacama es grand cosa, e muy junto tiene a una parte dél a par dessa mezquita una casa en un cerro, bien obrada, de çinco çercas o murs e diçen los indios ques del Sol. Hay assimesmo en el pueblo otras casas muchas grandes, de terrados al uso de España. Debe ser cosa muy antigua, porque hay muchos edificios caydos, e ha sydo çercado el pueblo, aunque al pressente lo más de la çerca está cayda: tiene sus puertas principales para entrar dentro e sus calles. Llámase el principal señor dél Taurichumbi, e hay otros muchos principales.",89
6057,"Pachacama",6,"T16122","Tuvo noticia Hernando Piçarro en el pueblo de Pachacama, quel capitán Chillicuchima estaba quatro días de camino de allí con mucha gente e con el oro, e que no quería passar de allí; antes se deçía que venía a dar guerra a los españoles.",90
6057,"Pachacama",6,"T16123","(…) el qual mensajero fue e torno con la respuesta de Chillicuchima, en que era contento de haçer lo quel dicho capitán les enviaba a decir e que en ello no avria otra cosa. Oydo esto, el capitán se despachí del pueblo de Pachacama, e fue con las mesmas jornadas hasta el pueblo de Gaurva, que está a entrar la tierra adentro.",90
6057,"Pachacama",6,"T16124","Jueves iguiente partió el dicho capitán de aqueste pueblo, e fue a dormir al pueblo de Andamarca, ques de donde se apartó para yr a Pachacama, e a este pueblo se van a juntar los dos caminos reales que van al Cuzco, ques el uno el que llevó a la yda y el otro este que traía, que se van a juntar otra vez, como está dicho al pueblo de Pombo. Del dicho pueblo de Anchuco a este de Andamarca hay treçe leguas de camino muy áspero (...)",101
6058,"Pachacoto",6,"T16125","Otro día, miércoles, partió deste pueblo e por un valle de labranças e muchos ganados fue a dormir a dos leguas de allí, a un pueblo pequeño, que se dice Pachacoto: aquí se dexó el camino real que va a la cibdad del Cuzco, e se tomó el de los llanos.",83
6059,"Pambo",6,"T16126","(…) el dicho capitán con su gente de caballo y escopeteros artió de dicho pueblo de Pambo para yr a Xauxa; y este día fue a dormir a un pueblo que se diçe Chacamarca, que serán pueblos de muchos ganados: e allí estuvo el capitán dos días (…)",92
6060,"Parpay",6,"T16127","Otro día, primero de abril, salió deste dicho pueblo e fue a dormir a otro, que se diçe Pindosmarca: este pueblo está en una ladera de una sierra áspera: llámase el caçique deste pueblo Parpay.",99
6061,"Perpunga",6,"T16128","Otro día, sábado, fue a un pueblo grande, que se dice Perpunga, que está junto a la mar, en el qual hay una casa fuerte, de çinco çercas o adarves çiegos, e  pintada de muchas labores por de dentro e por de fuera, con sus portadas muy bien obradas, al modo de España con dos tigres a la puerta principal (...).",84
6061,"Perpunga",6,"T16129","En aqueste pueblo se tornó a tomar otro camino muy ancho que viene hecho a mano por las poblaçiones de la costa, e tapiado de paredes de la una parte e de la otra, que tienen los naturales de la tierra hecho a mano, que cosa de ver. Y en este pueblo de Perpunga estuvo el capitán dos días (...)",84 - 85
6061,"Perpunga",6,"T16130","Miércoles adelante se partió el capitán de Perpunga; e luego a la salida del pueblo está un río homdable que se passó en balsas, e los caballos a nado, e fue a dormir a un pueblo grande que está en una barranca sobre la mar, que se diçe Guamamayo, que será legua e media del camino, todo tapiado de las mesmas paredes. Junto a este pueblo passó otro río grande a vado con harta dificultad, porque yba muy creçido e resçio.",85
6062,"Pindosmarca",6,"T16131","Otro día, primero de abril, salió deste dicho pueblo e fue a dormir a otro, que se diçe Pindosmarca: este pueblo está en una ladera de una sierra áspera: llámase el caçique deste pueblo Parpay.",99
6063,"Piscobamba",6,"T16132","Otro día, sábado partió de Guancabamba, e fue a dormir a otro que se diçe Piscobamba, que serán tres leguas de camino: este pueblo es grande y está en una ladera de una sierra: llámase el caçique dél Tanguane.",100
6063,"Piscobamba",6,"T16133","Martes siete del dicho mes el capitán Hernando Piçarro partió del dicho pueblo de Piscobamba, e fue çinco leguas dél a dormir a unas caserías.",100-101
6063,"Piscobamba",6,"T16134","Otro día, miércoles, partió de las dichas casería, e vino a dormir a un pueblo que se diçe Agua, subjeto del dicho Piscobamba: es un buen pueblo e de muchos mahizales y está entre sierras: el caçique dél e sus indios dieron lo que fue menester e gente de servicio para los españoles.",101
6064,"Pombo",6,"T16135","Miércoles siguiente, doçe de dicho mes, por la mañana, llegó al pueblo de Pombo, e salieron a resebirlo los señores del pueblo e otros capitanes de Atabalipa que estaban allí, con çierta gente; e assimesmo hallaron todo allí hasta çiento e cinquenta arrobas de todo oro quel dicho capitán Chillicuchima enviaba y él se quedó con su gente en Xauxa.",91
6064,"Pombo",6,"T16136","E assi el dicho capitán con su gente tomó la via de un pueblo grande, que se diçe Pombo, que está en el dicho camino real; e lunes nueve de dicho mes fue a dormir a un pueblo que está seys leguas de camino, todo llano e de muchos pueblos. Hay en el camino una laguna de agua dulçe, que comienza desde junto a este dicho pueblo, que puede tener de çircunferençia ocho o diez leguas, toda çercada de pueblos, e  a la redonda dellos muy grand cantidad de ganado, que a lo que les paresçió a los españoles avía más de çient mill cabeças. Es muy homdable e de mucho pescado pequeño, e de muchas aves de agua, que se crían en ella. En esta laguna tenía el padre de Atabalipa muchas balsas traidas de Túmbez para su recreaçión e plaçer.",93
6064,"Pombo",6,"T16137","Sale della un río caudal, que va a salir del dicho pueblo de Pombo, e passa por la una parte del muy sesgo e homdable e pueden venir en las dichas balsas a desembarcar junto a una puerta dél, por donde todos los que passan pagan portazgo. Por toda la costa del río hay assimesmo muchos ganados; e púsosole nombre Guadiana, por que la paresçe mucho.",93
6064,"Pombo",6,"T16138","Viernes veynte días del dicho mes el capitán Hernando Piçarro partió del dicho pueblo Xauxa para dar la vuelta a Caxamalca e con él el dicho Cullicuchima y por las mesmas jornadas vino hasta el pueblo de Pombo, ques donde viene a salir e camino real del Cuzco dó estuvo aquel día e otro e hasta este pueblo hiço quatro jornadas.",97
6064,"Pombo",6,"T16139","Miércoles partieron del dicho pueblo de Pombo, e por un llano de muchos hatos de ganados fue a dormir a unos apossentos grandes, que pueden estar tres leguas de allí, y este día nevó mucho e hiço muy grand frío.",97-98
6064,"Pombo",6,"T16140","Jueves iguiente partió el dicho capitán de aqueste pueblo, e fue a dormir al pueblo de Andamarca, ques de donde se apartó para yr a Pachacama, e a este pueblo se van a juntar los dos caminos reales que van al Cuzco, ques el uno el que llevó a la yda y el otro este que traía, que se van a juntar otra vez, como está dicho al pueblo de Pombo. Del dicho pueblo de Anchuco a este de Andamarca hay treçe leguas de camino muy áspero (...)",101
6065,"principal",6,"T16141"," (…) e que venía a matar los chripstianos e a sacar a su señor del poder dellos (…): e tomado aparte otro compañero de aqueste principal, dixo lo mesmo.",78
6066,"principales",6,"T16142","En aquel pueblo se quiso informar de otros indio si era verdad quel capitán Chillicuchima venía tan lexos como le avían dicho, e tomados algunos principales aparte, e apremiados a que dixesen verdad, dixeron quel capitán Chillicuchima quedaba en el pueblo de Andamarca (...).",78
6066,"principales",6,"T16143","(…) determinó de yr allá, e llevó algunos principales consigo que avían estado en aquella tierra por su devoción.",79
6066,"principales",6,"T16144","E juntos todos los señores del pueblo e principales e pages de aquel ydolo que allí tenían, dixeron que lo derían, e andovieron disimulando e dilatando: en conclusión, que truxeron muy oco e dixeron que no avia más.",87
6066,"principales",6,"T16145","A todo los quales señores e principales el dicho capitán, en nombre del Emperador Rey nuestro señor, habló muy bien, agradesçiendoles su venida; e mandóles que siempre lo hiçiessen assí, e los envió muy contento a sus tierras.",90
6066,"principales",6,"T16146","(…) el qual assí como llegó, preguntó por Chillicuchima, sin se apear ningún español, e dixeron que era ydo a çiertos pueblos, e que otro día vernía a ver al capitán. E fue que so color de decir que era ydo a negocios, se ausentó hasta saber de los principales, que con el dicho capitán yban, la intención que los españoles llevaban (...)",94
6066,"principales",6,"T16147","al tiempo que este capitán Chillicuchima entró, por las puertas donde estaba presso su principe e señor Atabaliba, un poco antes de llegar a la puerta tomó a uno de los indios que consigo traía una carga mediana e se la echó encima, e con él otros muchos principales que traín consigo, e assí cargados él e los otros entraron donde estaba su señor.",102
6067,"Pumabare",6,"T16148","Otro día, jueves, partió del dicho pueblo e fue a dormir a un pueblo que está entre unas sierras, que se diçe Tambo, o hay junto a él un río hondable que tiene una puente; e para baxar el río hay en las peñas hechas escaleras encañadas e agras en las mesmas piedras e peñas (...). Del señor deste pueblo e de sus indios fue el capitán bien reçebido (...). El señor deste pueblo se llama Pumabare.",98
6067,"Pumabare",6,"T16149","(…) assí por respecto del capitán Hernando Piçarro, como por venir allí el dicho Chillicuchima, a quien continuamente le solían hacer. El señor deste pueblo se llama Pumabare.",98
6068,"Pumacaxinay",6,"T16150","(…) partió el dicho capitán deste pueblo, e or el mesmo valle fue a comer a un pueblo grande, que se dice Guaray; y el señor dél se llama Pumacaxinay (…). Este pueblo está en un llano, a par de un buen río (…)",82- 83
6069,"Pumahanchis",6,"T16151","Es grand pueblo este de Guanuco, y está en un valle çercado de sierras no muy ásperas: tiene este valle tres leguas de çircunferençia, e por la una parte, viniendo a este pueblo de Caxamalca, hay una grand subida e agra mucho. (…). Llámase al señor principal de aquel pueblo Pumahanchis: es pueblo de muchos ganados, e tiene otros muchos pueblos a él subjetos.",99
6070,"Pumapacha",6,"T16152","En aqueste pueblo, que se llama Guayllesmarca, descansamos dos días (…): llámase el señor deste pueblo, Pumapacha.",81
6071,"Sachao",6,"T16153","(…) partió el capitán deste pueblo e fue a dormir a Caxatambo; este es pueblo grande y está en un valle hondo y es de muchos ganados; e hay por todo el camino desde Chinchi hasta él (que serán quatro leguas), mucha cantidad de corrales e ovejeros. Llámase el señor deste pueblo Sachao: (...). En este pueblo se tornó a tomar el camino ancho qe se avía dexado, cuando el dicho capitán se apartó para los llanos.",92
6072,"señor principal",6,"T16154","Es grand pueblo este de Guanuco, y está en un valle çercado de sierras no muy ásperas: tiene este valle tres leguas de çircunferençia, e por la una parte, viniendo a este pueblo de Caxamalca, hay una grand subida e agra mucho. (…). Llámase al señor principal de aquel pueblo Pumahanchis: es pueblo de muchos ganados, e tiene otros muchos pueblos a él subjetos.",99
6073,"Suculachumbi",6,"T16155","(…) e fue a comer a un buen pueblo que se diçe Suculachumbi, que serán çinco leguas: y el señor deste lugar e sus indios salieron de paz (…).",86
6074,"Sucuracoay",6,"T16156","De allí salió tarde, e fue a dormir Hernando Piçarro a otro pueblo mayor, que se dice Sucuracoay, donde hiçieron buen reçibimiento (…) Llamábase el señor principal de aqueste pueblo Marcoama e otro Collas. (…). En este pueblo se hiço buena guarda, por ser grande y estar çerca de donde deçían que estaba el capitán Chillicuchima con çinquenta mill hombres.",83
6075,"Sullicasmarca",6,"T16157","A este pueblo vinieron a ver al capitan Hernando Piçarro muchos señores de la tierra con presentes de lo que avía en la tierra e con algún oro e plata, admirados de aver tenido osadia de aver entrado a ver el ydolo e averle desbaratado. El señor de Mala, que dixo que se llamaba Lincoto, vino a dar la obediencia a Sus Majestades e truxo presentes de oro e plata. El señor de Noax, que dixo que se llamaba Allaucax, hiço lo mesmo. El señor de Hualco, que dixo que se llamaba Guaralla, assimesmo truxo algún oro e plata. El señor de Chincha, con diez principales suyos, truxeron presentes de oro e plata, e dixo que se llamaba Chumbiauca. El señor de Guarva, que se llamí Guaygehapayche, y el señor de Collipa que se llamó Acja y el señor de Sullicasmarca que se llamó Yspillo, e otros señores principales de las comarcas, truxeron sus presentes de oro e lata, que se juntó con lo que se sacó de la mezquita; y en todo ovo noventa mill pesos oro.",89 - 90
6076,"Tacámez",6,"T16158","Háse averiguado por muchos señores de la tierra que desde el pueblo de Tacámez, ques al principio de aquella gobernaçión, toda la gente de la costa  servía aquella mezquita con oro e plata, e tributaban a un tano cada año (…).",88
6077,"Tambo",6,"T16159","(…): e ordenada su gente, tomó el camino derecho e fue a dormir a un pueblo pequeño se dice Tambo ques subjecto a Guamanchurco (…)",78
6077,"Tambo",6,"T1660","Otro día, jueves, partió del dicho pueblo e fue a dormir a un pueblo que está entre unas sierras, que se diçe Tambo, o hay junto a él un río hondable que tiene una puente; e para baxar el río hay en las peñas hechas escaleras encañadas e agras en las mesmas piedras e peñas (...). Del señor deste pueblo e de sus indios fue el capitán bien reçebido (...). El señor deste pueblo se llama Pumabare.",98
6078,"Tanguane",6,"T16161","Otro día, sábado partió de Guancabamba, e fue a dormir a otro que se diçe Piscobamba, que serán tres leguas de camino: este pueblo es grande y está en una ladera de una sierra: llámase el caçique dél Tanguane.",100
6079,"Taparacomarca",6,"T16162","E aqueste mesmo día, fue a dormir quatro leguas del dicho pueblo a otro subjeto suyo, que se diçe Taparacomarca, donde el dicho Chillicuchima tenía preveydo lo que fue menester ara aquella noche.",99
6080,"Tarma",6,"T16163","(…) partió el dicho capitán del dicho pueblo de Chacamarca e fue a comer a una casa que estarpa tres leguas de allí, donde tenían buen recebimiento de comida; e fue a dormir otras tres leguas adelante, a un pueblo que se diçe Tarma, que está en una ladera de una sierra. Allí hay una buena casa pintaba e buenos apossentamiento, donde llevaron a apossentar al dicho capitán e su gente; y el señor deste pueblo lo hiço bien (...).",93 - 94
6081,"Taurichumbi",6,"T16164","Este pueblo de Pachacama es grand cosa, e muy junto tiene a una parte dél a par dessa mezquita una casa en un cerro, bien obrada, de çinco çercas o murs e diçen los indios ques del Sol. Hay assimesmo en el pueblo otras casas muchas grandes, de terrados al uso de España. Debe ser cosa muy antigua, porque hay muchos edificios caydos, e ha sydo çercado el pueblo, aunque al pressente lo más de la çerca está cayda: tiene sus puertas principales para entrar dentro e sus calles. Llámase el principal señor dél Taurichumbi, e hay otros muchos principales.",89
6082,"Tillayna",6,"T16165","(…) e fue a dormir a otro pequeño que se diçe Tonsucancha, y el caçique prinçipal dél Tillayna, donde fue muy bien resçebido (…) porque aunque el pueblo era pequeño, vinieron allí otros comarcanos a haçer areytos e a ver los chrispstianos. Este es pueblo de mucho ganado pequeño e de muy buena e fina lana, que paresçe a la de España.",98
6083,"Tonsucancha",6,"T16166","(…) e fue a dormir a otro pequeño que se diçe Tonsucancha, y el caçique prinçipal dél Tillayna, donde fue muy bien resçebido (…) porque aunque el pueblo era pequeño, vinieron allí otros comarcanos a haçer areytos e a ver los chrispstianos. Este es pueblo de mucho ganado pequeño e de muy buena e fina lana, que paresçe a la de España.",98
6084,"Totopamba",6,"T16167","(…) partió de aquel pueblo de Andamarca; y el mesmo día se passaron algunos passos malos e dos ríos, e fuymos a dormir a un pueblo que se dice Totopamba, y está en una ladera áspera bien poblado.",79
6085,"Trianchumbi",6,"T16168","(…) salió el capitán deste pueblo de Achacama, que es donde está la mezquita o templo del diablo, e al medio camino esta otro pueblo grande, donde el dicho capitán comió, que se diçe Armatambio, y el señor dél se llama por su nombre Trianchumbi. El pueblo de Pachacama y el señor principal dél salieron de paz e mostraron buena voluntad a los españoles.",86 - 87
6086,"Túmbez",6,"T16169","E assi el dicho capitán con su gente tomó la via de un pueblo grande, que se diçe Pombo, que está en el dicho camino real; e lunes nueve de dicho mes fue a dormir a un pueblo que está seys leguas de camino, todo llano e de muchos pueblos. Hay en el camino una laguna de agua dulçe, que comienza desde junto a este dicho pueblo, que puede tener de çircunferençia ocho o diez leguas, toda çercada de pueblos, e  a la redonda dellos muy grand cantidad de ganado, que a lo que les paresçió a los españoles avía más de çient mill cabeças. Es muy homdable e de mucho pescado pequeño, e de muchas aves de agua, que se crían en ella. En esta laguna tenía el padre de Atabalipa muchas balsas traidas de Túmbez para su recreaçión e plaçer.",93
6087,"Vilcaguaranga",6,"T16170","A los tres días de março de mill e quiniento e treynta y tres salió del pueblo de Guarva e por un río arriba de arboledas caminó aquel día, e fue a dormir a un pueblo que está junto al dicho río, subjeto de Guarva, que se diçe Vilcaguaranga.",90 - 91
6088,"Xauxa",6,"T16171","(…) e no halló al capitan ni nueva dél más de la que primero el hermano de Atabalipa avía dado, que era que estaba en un pueblo que se dice Xauxa, con mucho oro, e que venía de camino.",79
6088,"Xauxa",6,"T16172","Miércoles siguiente, doçe de dicho mes, por la mañana, llegó al pueblo de Pombo, e salieron a resebirlo los señores del pueblo e otros capitanes de Atabalipa que estaban allí, con çierta gente; e assimesmo hallaron todo allí hasta çiento e cinquenta arrobas de todo oro quel dicho capitán Chillicuchima enviaba y él se quedó con su gente en Xauxa.",91
6088,"Xauxa",6,"T16173","(…) el dicho capitán con su gente de caballo y escopeteros artió de dicho pueblo de Pambo para yr a Xauxa; y este día fue a dormir a un pueblo que se diçe Chacamarca, que serán pueblos de muchos ganados: e allí estuvo el capitán dos días (…)",92
6088,"Xauxa",6,"T16174","(…) por que el dicho capitán Hernando Piçarro se viniesse y él se quedaba en Xauxa sin ningún pensamiento de venir.",92
6088,"Xauxa",6,"T16175","E a hora de visperas llegó a un pueblo, que se dice Yanaymarca, donde los del pueblo salieron a le resçebir e haçer fiesta: e allí supo como el dicho Chillicuchima estaba fuera de Xauxa, lo qual causó mayor sospecha, e no hiço sino comer un bocado e caminar, porque a una legua estaba Xauxa de allí.",94
6088,"Xauxa",6,"T16176","El pueblo de Xauxa es grande y está en un valle muy hermoso, y es tierra templada: passa un río poderoso por la una parte de pueblo. Es abundoso de bastimentos e ganados; esta hecho a manera de pueblo de España, muy junto a sus calles bien traçadas.",96
6088,"Xauxa",6,"T16177","Viernes veynte días del dicho mes el capitán Hernando Piçarro partió del dicho pueblo Xauxa para dar la vuelta a Caxamalca e con él el dicho Cullicuchima y por las mesmas jornadas vino hasta el pueblo de Pombo, ques donde viene a salir e camino real del Cuzco dó estuvo aquel día e otro e hasta este pueblo hiço quatro jornadas.",97
6089,"Yanaymarca",6,"T16178","E a hora de visperas llegó a un pueblo, que se dice Yanaymarca, donde los del pueblo salieron a le resçebir e haçer fiesta: e allí supo como el dicho Chillicuchima estaba fuera de Xauxa, lo qual causó mayor sospecha, e no hiço sino comer un bocado e caminar, porque a una legua estaba Xauxa de allí.",94
6090,"Ychora",6,"T16179","Otro día siguiente fuymos a comer a un pueblo que se dice Ychora (…) y el mesmo dia fuymos a dormir a un puebleçuelo pequeño, que se dice Guancasanga, subjecto del pueblo de Guamanchurco.",77
6091,"Ymiga",6,"T16180","(…) fuymos a dormir a un lugar pequeño que se dice Ymiga, e no se halló en él gente, porque se ausentaron de miedo; y esta jornada fue muy mala, porque avía una baxada de escalera hecha de piedra, muy agra, e peligrosa (…)",80 - 81
6092,"Ymigay",6,"T16181","(…) partió el dicho capitán deste pueblo de Guayllesmarca (…). Y luego junto a este pueblo, se pasó otra puente de red de la mesma manera que se dixo de ssuso, e fuymos a dormir dos leguas de allí, a otro pueblo asimesmo subjeto a Guayllesmarca (…) Esta jornada fue por un valle abaxo de mahiçales e pueblos pequeños de una parte a otra del camino: llámase este pueblo Ymigay.",82
6093,"Yspillo",6,"T16182","A este pueblo vinieron a ver al capitan Hernando Piçarro muchos señores de la tierra con presentes de lo que avía en la tierra e con algún oro e plata, admirados de aver tenido osadia de aver entrado a ver el ydolo e averle desbaratado. El señor de Mala, que dixo que se llamaba Lincoto, vino a dar la obediencia a Sus Majestades e truxo presentes de oro e plata. El señor de Noax, que dixo que se llamaba Allaucax, hiço lo mesmo. El señor de Hualco, que dixo que se llamaba Guaralla, assimesmo truxo algún oro e plata. El señor de Chincha, con diez principales suyos, truxeron presentes de oro e plata, e dixo que se llamaba Chumbiauca. El señor de Guarva, que se llamí Guaygehapayche, y el señor de Collipa que se llamó Acja y el señor de Sullicasmarca que se llamó Yspillo, e otros señores principales de las comarcas, truxeron sus presentes de oro e lata, que se juntó con lo que se sacó de la mezquita; y en todo ovo noventa mill pesos oro.",89 - 90
